{
    "value0": {
        "cam.T_i_c": [
            {
                "px": 0.0,
                "py": 0.0,
                "pz": 0.0,
                "qx": 0.0,
                "qy": 0.0,
                "qz": 0.0,
                "qw": 1.0
            },
            {
                "px": 0.11002263076486123,
                "py": -0.00028831176294504153,
                "pz": 0.00025193738175606717,
                "qx": 0.00712964872266872,
                "qy": 0.000630848419946521,
                "qz": 0.0010771978182017356,
                "qw": 0.9999738045490108
            }
        ],
        "cam.intrinsics": [
            {
                "cam_type": "kb4",
                "fx": 461.1581901632605,
                "fy": 459.8080285947972,
                "cx": 365.89723869011746,
                "cy": 249.35492318319008,
                "p1": -0.004593052532205629,
                "p2": 0.027532432037030587,
                "p3": -0.036977671771001908,
                "p4": 0.018610217245571486,
                "width": 752,
                "height": 480
            },
            {
                "cam_type": "kb4",
                "fx": 459.744806865198,
                "fy": 458.35350534633877,
                "cx": 379.3639614954642,
                "cy": 256.04352542706246,
                "p1": 0.004549588612679999,
                "p2": 0.0024854904916052258,
                "p3": -0.01060134878472372,
                "p4": 0.010781041140890039,
                "width": 752,
                "height": 480
            }
        ]
    }
}